Sea basin,Sea/waters,Beach/location,Country,Start_lat,Start_long,Litter source,% of total litter,Class,Reference
Mediterranean Sea,Adriatic Sea,Adriatic seabed,Croatia,42.68170,17.87639,Aquaculture/fisheries,15,Class 3,DeFishGear-project - final report
Mediterranean Sea,Adriatic Sea,Adriatic seabed,Croatia,42.68191,17.87463,Aquaculture/fisheries,15,Class 3,DeFishGear-project - final report
Mediterranean Sea,Adriatic Sea,Adriatic seabed,Croatia,42.66909,17.85870,Aquaculture/fisheries,15,Class 3,DeFishGear-project - final report
Mediterranean Sea,Adriatic Sea,Adriatic seabed,Croatia,42.67066,17.85879,Aquaculture/fisheries,15,Class 3,DeFishGear-project - final report
Mediterranean Sea,Adriatic Sea,Adriatic seabed,Croatia,42.65137,17.89030,Aquaculture/fisheries,15,Class 3,DeFishGear-project - final report
Mediterranean Sea,Adriatic Sea,Adriatic seabed,Croatia,42.65135,17.89068,Aquaculture/fisheries,15,Class 3,DeFishGear-project - final report
Mediterranean Sea,Adriatic Sea,Adriatic seabed,Croatia,43.24184,16.47545,Aquaculture/fisheries,15,Class 3,DeFishGear-project - final report
Mediterranean Sea,Adriatic Sea,Adriatic seabed,Croatia,43.24397,16.46693,Aquaculture/fisheries,15,Class 3,DeFishGear-project - final report
Mediterranean Sea,Adriatic Sea,Adriatic seabed,Croatia,43.25110,16.48356,Aquaculture/fisheries,15,Class 3,DeFishGear-project - final report
Mediterranean Sea,Adriatic Sea,Adriatic seabed,Croatia,43.25566,16.47517,Aquaculture/fisheries,15,Class 3,DeFishGear-project - final report
Mediterranean Sea,Adriatic Sea,Adriatic seabed,Croatia,43.24622,16.45505,Aquaculture/fisheries,15,Class 3,DeFishGear-project - final report
Mediterranean Sea,Adriatic Sea,Adriatic seabed,Croatia,43.24378,16.45423,Aquaculture/fisheries,15,Class 3,DeFishGear-project - final report
Mediterranean Sea,Ionian Sea,Ionian seabed,Greece,39.60559,20.03897,Aquaculture/fisheries,15.7,Class 4,DeFishGear-project - final report
Mediterranean Sea,Ionian Sea,Ionian seabed,Greece,39.60178,20.04584,Aquaculture/fisheries,15.7,Class 4,DeFishGear-project - final report
Mediterranean Sea,Ionian Sea,Ionian seabed,Greece,39.37955,19.94498,Aquaculture/fisheries,15.7,Class 4,DeFishGear-project - final report
Mediterranean Sea,Ionian Sea,Ionian seabed,Greece,39.37998,19.94448,Aquaculture/fisheries,15.7,Class 4,DeFishGear-project - final report
Mediterranean Sea,Ionian Sea,Ionian seabed,Greece,39.41410,19.86145,Aquaculture/fisheries,15.7,Class 4,DeFishGear-project - final report
Mediterranean Sea,Ionian Sea,Ionian seabed,Greece,39.42083,19.84572,Aquaculture/fisheries,15.7,Class 4,DeFishGear-project - final report
Mediterranean Sea,Ionian Sea,Ionian seabed,Greece,39.38461,19.85608,Aquaculture/fisheries,15.7,Class 4,DeFishGear-project - final report
Mediterranean Sea,Ionian Sea,Ionian seabed,Greece,39.37136,19.87578,Aquaculture/fisheries,15.7,Class 4,DeFishGear-project - final report
Mediterranean Sea,Ionian Sea,Ionian seabed,Greece,39.32264,20.02028,Aquaculture/fisheries,15.7,Class 4,DeFishGear-project - final report
Mediterranean Sea,Ionian Sea,Ionian seabed,Greece,39.31134,20.03808,Aquaculture/fisheries,15.7,Class 4,DeFishGear-project - final report
Mediterranean Sea,Ionian Sea,Ionian seabed,Greece,39.50233,19.94186,Aquaculture/fisheries,15.7,Class 4,DeFishGear-project - final report
Mediterranean Sea,Ionian Sea,Ionian seabed,Greece,39.50912,19.94053,Aquaculture/fisheries,15.7,Class 4,DeFishGear-project - final report
Mediterranean Sea,Ionian Sea,Ionian seabed,Greece,39.48314,20.07428,Aquaculture/fisheries,15.7,Class 4,DeFishGear-project - final report
Mediterranean Sea,Ionian Sea,Ionian seabed,Greece,39.48696,20.07702,Aquaculture/fisheries,15.7,Class 4,DeFishGear-project - final report
Mediterranean Sea,Ionian Sea,Ionian seabed,Greece,39.58831,20.08128,Aquaculture/fisheries,15.7,Class 4,DeFishGear-project - final report
Mediterranean Sea,Ionian Sea,Ionian seabed,Greece,39.59323,20.08449,Aquaculture/fisheries,15.7,Class 4,DeFishGear-project - final report
Mediterranean Sea,Ionian Sea,Ionian seabed,Greece,39.53051,20.09734,Aquaculture/fisheries,15.7,Class 4,DeFishGear-project - final report
Mediterranean Sea,Ionian Sea,Ionian seabed,Greece,39.50083,20.10451,Aquaculture/fisheries,15.7,Class 4,DeFishGear-project - final report
Mediterranean Sea,Ionian Sea,Ionian seabed,Greece,39.86193,19.87780,Aquaculture/fisheries,15.7,Class 4,DeFishGear-project - final report
Mediterranean Sea,Ionian Sea,Ionian seabed,Greece,39.56128,20.05798,Aquaculture/fisheries,15.7,Class 4,DeFishGear-project - final report
Mediterranean Sea,Ionian Sea,Ionian seabed,Greece,39.57839,20.06134,Aquaculture/fisheries,15.7,Class 4,DeFishGear-project - final report
Mediterranean Sea,Ionian Sea,Ionian seabed,Greece,39.69208,19.90213,Aquaculture/fisheries,15.7,Class 4,DeFishGear-project - final report
Mediterranean Sea,Ionian Sea,Ionian seabed,Greece,39.69051,19.90360,Aquaculture/fisheries,15.7,Class 4,DeFishGear-project - final report
Mediterranean Sea,Ionian Sea,Ionian seabed,Greece,39.71312,19.90879,Aquaculture/fisheries,15.7,Class 4,DeFishGear-project - final report
Mediterranean Sea,Ionian Sea,Ionian seabed,Greece,39.71498,19.91794,Aquaculture/fisheries,15.7,Class 4,DeFishGear-project - final report
Mediterranean Sea,Ionian Sea,Ionian seabed,Greece,39.58902,19.97173,Aquaculture/fisheries,15.7,Class 4,DeFishGear-project - final report
Mediterranean Sea,Ionian Sea,Ionian seabed,Greece,39.57995,19.95991,Aquaculture/fisheries,15.7,Class 4,DeFishGear-project - final report
Mediterranean Sea,Ionian Sea,Ionian seabed,Greece,39.92660,19.71008,Aquaculture/fisheries,15.7,Class 4,DeFishGear-project - final report
Mediterranean Sea,Ionian Sea,Ionian seabed,Greece,39.92929,19.50863,Aquaculture/fisheries,15.7,Class 4,DeFishGear-project - final report
Mediterranean Sea,Ionian Sea,Ionian seabed,Greece,39.93331,19.50092,Aquaculture/fisheries,15.7,Class 4,DeFishGear-project - final report
Mediterranean Sea,Ionian Sea,Ionian seabed,Greece,39.95758,19.42035,Aquaculture/fisheries,15.7,Class 4,DeFishGear-project - final report
Mediterranean Sea,Ionian Sea,Ionian seabed,Greece,39.95817,19.42148,Aquaculture/fisheries,15.7,Class 4,DeFishGear-project - final report
Mediterranean Sea,Ionian Sea,Ionian seabed,Greece,39.83292,19.56948,Aquaculture/fisheries,15.7,Class 4,DeFishGear-project - final report
Mediterranean Sea,Ionian Sea,Ionian seabed,Greece,39.83198,19.57039,Aquaculture/fisheries,15.7,Class 4,DeFishGear-project - final report
Mediterranean Sea,Adriatic Sea,Adriatic seabed,Italy,44.10272,12.88498,Aquaculture/fisheries,20.7,Class 4,DeFishGear-project - final report
Mediterranean Sea,Adriatic Sea,Adriatic seabed,Italy,44.23724,12.87402,Aquaculture/fisheries,20.7,Class 4,DeFishGear-project - final report
Mediterranean Sea,Adriatic Sea,Adriatic seabed,Italy,44.21328,12.91174,Aquaculture/fisheries,20.7,Class 4,DeFishGear-project - final report
Mediterranean Sea,Adriatic Sea,Adriatic seabed,Italy,44.16868,12.96077,Aquaculture/fisheries,20.7,Class 4,DeFishGear-project - final report
Mediterranean Sea,Adriatic Sea,Adriatic seabed,Italy,44.30639,12.59383,Aquaculture/fisheries,20.7,Class 4,DeFishGear-project - final report
Mediterranean Sea,Adriatic Sea,Adriatic seabed,Italy,44.39374,12.60332,Aquaculture/fisheries,20.7,Class 4,DeFishGear-project - final report
Mediterranean Sea,Adriatic Sea,Adriatic seabed,Italy,44.44840,12.57731,Aquaculture/fisheries,20.7,Class 4,DeFishGear-project - final report
Mediterranean Sea,Adriatic Sea,Adriatic seabed,Italy,44.11095,12.90798,Aquaculture/fisheries,20.7,Class 4,DeFishGear-project - final report
Mediterranean Sea,Adriatic Sea,Adriatic seabed,Italy,44.09124,12.95209,Aquaculture/fisheries,20.7,Class 4,DeFishGear-project - final report
Mediterranean Sea,Adriatic Sea,Adriatic seabed,Italy,44.08210,12.88744,Aquaculture/fisheries,20.7,Class 4,DeFishGear-project - final report
Mediterranean Sea,Adriatic Sea,Adriatic seabed,Italy,44.13875,12.83058,Aquaculture/fisheries,20.7,Class 4,DeFishGear-project - final report
Mediterranean Sea,Adriatic Sea,Adriatic seabed,Italy,44.16678,12.81037,Aquaculture/fisheries,20.7,Class 4,DeFishGear-project - final report
Mediterranean Sea,Adriatic Sea,Adriatic seabed,Italy,44.17833,12.81497,Aquaculture/fisheries,20.7,Class 4,DeFishGear-project - final report
Mediterranean Sea,Adriatic Sea,Adriatic seabed,Italy,44.15604,12.85006,Aquaculture/fisheries,20.7,Class 4,DeFishGear-project - final report
Mediterranean Sea,Adriatic Sea,Adriatic seabed,Italy,44.10194,12.89883,Aquaculture/fisheries,20.7,Class 4,DeFishGear-project - final report
Mediterranean Sea,Adriatic Sea,Adriatic seabed,Italy,44.18398,12.82376,Aquaculture/fisheries,20.7,Class 4,DeFishGear-project - final report
Mediterranean Sea,Adriatic Sea,Adriatic seabed,Italy,44.17919,12.86866,Aquaculture/fisheries,20.7,Class 4,DeFishGear-project - final report
Mediterranean Sea,Adriatic Sea,Adriatic seabed,Italy,44.15479,12.93428,Aquaculture/fisheries,20.7,Class 4,DeFishGear-project - final report
Mediterranean Sea,Adriatic Sea,Adriatic seabed,Italy,45.45364,13.01142,Aquaculture/fisheries,20.7,Class 4,DeFishGear-project - final report
Mediterranean Sea,Adriatic Sea,Adriatic seabed,Italy,45.45610,13.01875,Aquaculture/fisheries,20.7,Class 4,DeFishGear-project - final report
Mediterranean Sea,Adriatic Sea,Adriatic seabed,Italy,45.38234,12.81876,Aquaculture/fisheries,20.7,Class 4,DeFishGear-project - final report
Mediterranean Sea,Adriatic Sea,Adriatic seabed,Italy,45.38465,12.82458,Aquaculture/fisheries,20.7,Class 4,DeFishGear-project - final report
Mediterranean Sea,Adriatic Sea,Adriatic seabed,Italy,45.30607,12.60624,Aquaculture/fisheries,20.7,Class 4,DeFishGear-project - final report
Mediterranean Sea,Adriatic Sea,Adriatic seabed,Italy,45.31349,12.63976,Aquaculture/fisheries,20.7,Class 4,DeFishGear-project - final report
Mediterranean Sea,Adriatic Sea,Adriatic seabed,Italy,45.54780,12.87199,Aquaculture/fisheries,20.7,Class 4,DeFishGear-project - final report
Mediterranean Sea,Adriatic Sea,Adriatic seabed,Italy,45.51440,12.82901,Aquaculture/fisheries,20.7,Class 4,DeFishGear-project - final report
Mediterranean Sea,Adriatic Sea,Adriatic seabed,Italy,45.47603,12.69179,Aquaculture/fisheries,20.7,Class 4,DeFishGear-project - final report
Mediterranean Sea,Adriatic Sea,Adriatic seabed,Italy,45.47609,12.69127,Aquaculture/fisheries,20.7,Class 4,DeFishGear-project - final report
Mediterranean Sea,Adriatic Sea,Adriatic seabed,Italy,45.43724,12.61493,Aquaculture/fisheries,20.7,Class 4,DeFishGear-project - final report
Mediterranean Sea,Adriatic Sea,Adriatic seabed,Italy,45.43696,12.61424,Aquaculture/fisheries,20.7,Class 4,DeFishGear-project - final report
Mediterranean Sea,Adriatic Sea,Adriatic seabed,Italy,45.29410,12.43659,Aquaculture/fisheries,20.7,Class 4,DeFishGear-project - final report
Mediterranean Sea,Adriatic Sea,Adriatic seabed,Italy,45.29072,12.43519,Aquaculture/fisheries,20.7,Class 4,DeFishGear-project - final report
Mediterranean Sea,Adriatic Sea,Adriatic seabed,Italy,45.20795,12.35591,Aquaculture/fisheries,20.7,Class 4,DeFishGear-project - final report
Mediterranean Sea,Adriatic Sea,Adriatic seabed,Italy,45.18725,12.38510,Aquaculture/fisheries,20.7,Class 4,DeFishGear-project - final report
Mediterranean Sea,Adriatic Sea,Adriatic seabed,Italy,45.21594,12.50815,Aquaculture/fisheries,20.7,Class 4,DeFishGear-project - final report
Mediterranean Sea,Adriatic Sea,Adriatic seabed,Italy,45.22094,12.46803,Aquaculture/fisheries,20.7,Class 4,DeFishGear-project - final report
Mediterranean Sea,Adriatic Sea,Adriatic seabed,Italy,45.12472,12.36173,Aquaculture/fisheries,20.7,Class 4,DeFishGear-project - final report
Mediterranean Sea,Adriatic Sea,Adriatic seabed,Italy,45.11918,12.36117,Aquaculture/fisheries,20.7,Class 4,DeFishGear-project - final report
Mediterranean Sea,Adriatic Sea,Adriatic seabed,Italy,45.06740,12.43649,Aquaculture/fisheries,20.7,Class 4,DeFishGear-project - final report
Mediterranean Sea,Adriatic Sea,Adriatic seabed,Italy,45.06552,12.43792,Aquaculture/fisheries,20.7,Class 4,DeFishGear-project - final report
Mediterranean Sea,Adriatic Sea,Adriatic seabed,Italy,44.89873,12.58865,Aquaculture/fisheries,20.7,Class 4,DeFishGear-project - final report
Mediterranean Sea,Adriatic Sea,Adriatic seabed,Italy,44.89994,12.59578,Aquaculture/fisheries,20.7,Class 4,DeFishGear-project - final report
Mediterranean Sea,Adriatic Sea,Adriatic seabed,Italy,45.26933,12.72677,Aquaculture/fisheries,20.7,Class 4,DeFishGear-project - final report
Mediterranean Sea,Adriatic Sea,Adriatic seabed,Italy,45.26953,12.73442,Aquaculture/fisheries,20.7,Class 4,DeFishGear-project - final report
Mediterranean Sea,Adriatic Sea,Adriatic seabed,Italy,45.14031,12.60831,Aquaculture/fisheries,20.7,Class 4,DeFishGear-project - final report
Mediterranean Sea,Adriatic Sea,Adriatic seabed,Italy,45.13886,12.60110,Aquaculture/fisheries,20.7,Class 4,DeFishGear-project - final report
Mediterranean Sea,Adriatic Sea,Adriatic seabed,Italy,45.07882,12.70839,Aquaculture/fisheries,20.7,Class 4,DeFishGear-project - final report
Mediterranean Sea,Adriatic Sea,Adriatic seabed,Italy,45.08748,12.70879,Aquaculture/fisheries,20.7,Class 4,DeFishGear-project - final report
Mediterranean Sea,Adriatic Sea,Adriatic seabed,Italy,44.85708,12.72433,Aquaculture/fisheries,20.7,Class 4,DeFishGear-project - final report
Mediterranean Sea,Adriatic Sea,Adriatic seabed,Italy,44.86078,12.72304,Aquaculture/fisheries,20.7,Class 4,DeFishGear-project - final report
Mediterranean Sea,Adriatic Sea,Adriatic seabed,Montenegro,41.93000,19.09000,Aquaculture/fisheries,5.1,Class 2,DeFishGear-project - final report
Mediterranean Sea,Adriatic Sea,Adriatic seabed,Montenegro,42.17000,18.57500,Aquaculture/fisheries,5.1,Class 2,DeFishGear-project - final report
Mediterranean Sea,Adriatic Sea,Adriatic seabed,Montenegro,42.30500,18.59000,Aquaculture/fisheries,5.1,Class 2,DeFishGear-project - final report
Mediterranean Sea,Adriatic Sea,Adriatic seabed,Montenegro,41.82000,18.43000,Aquaculture/fisheries,5.1,Class 2,DeFishGear-project - final report
Mediterranean Sea,Adriatic Sea,Adriatic seabed,Montenegro,41.86000,18.72000,Aquaculture/fisheries,5.1,Class 2,DeFishGear-project - final report
Mediterranean Sea,Adriatic Sea,Adriatic seabed,Montenegro,42.05000,18.61000,Aquaculture/fisheries,5.1,Class 2,DeFishGear-project - final report
Mediterranean Sea,Adriatic Sea,Adriatic seabed,Montenegro,42.03500,18.48000,Aquaculture/fisheries,5.1,Class 2,DeFishGear-project - final report
Mediterranean Sea,Adriatic Sea,Adriatic seabed,Montenegro,41.77500,18.60000,Aquaculture/fisheries,5.1,Class 2,DeFishGear-project - final report
Mediterranean Sea,Adriatic Sea,Adriatic seabed,Montenegro,42.16000,18.76500,Aquaculture/fisheries,5.1,Class 2,DeFishGear-project - final report
Mediterranean Sea,Adriatic Sea,Adriatic seabed,Montenegro,42.05500,18.80000,Aquaculture/fisheries,5.1,Class 2,DeFishGear-project - final report
Mediterranean Sea,Adriatic Sea,Adriatic seabed,Montenegro,41.93000,19.09000,Aquaculture/fisheries,5.1,Class 2,DeFishGear-project - final report
Mediterranean Sea,Adriatic Sea,Adriatic seabed,Montenegro,42.17000,18.57500,Aquaculture/fisheries,5.1,Class 2,DeFishGear-project - final report
Mediterranean Sea,Adriatic Sea,Adriatic seabed,Montenegro,42.30500,18.59000,Aquaculture/fisheries,5.1,Class 2,DeFishGear-project - final report
Mediterranean Sea,Adriatic Sea,Adriatic seabed,Montenegro,41.82000,18.43000,Aquaculture/fisheries,5.1,Class 2,DeFishGear-project - final report
Mediterranean Sea,Adriatic Sea,Adriatic seabed,Montenegro,41.86000,18.72000,Aquaculture/fisheries,5.1,Class 2,DeFishGear-project - final report
Mediterranean Sea,Adriatic Sea,Adriatic seabed,Montenegro,42.05000,18.61000,Aquaculture/fisheries,5.1,Class 2,DeFishGear-project - final report
Mediterranean Sea,Adriatic Sea,Adriatic seabed,Montenegro,42.03500,18.48000,Aquaculture/fisheries,5.1,Class 2,DeFishGear-project - final report
Mediterranean Sea,Adriatic Sea,Adriatic seabed,Montenegro,41.77500,18.60000,Aquaculture/fisheries,5.1,Class 2,DeFishGear-project - final report
Mediterranean Sea,Adriatic Sea,Adriatic seabed,Montenegro,42.16000,18.76500,Aquaculture/fisheries,5.1,Class 2,DeFishGear-project - final report
Mediterranean Sea,Adriatic Sea,Adriatic seabed,Montenegro,42.05500,18.80000,Aquaculture/fisheries,5.1,Class 2,DeFishGear-project - final report
Mediterranean Sea,Adriatic Sea,Adriatic seabed,Slovenia,45.57299,13.55923,Aquaculture/fisheries,14.3,Class 3,DeFishGear-project - final report
Mediterranean Sea,Adriatic Sea,Adriatic seabed,Slovenia,45.58344,13.57285,Aquaculture/fisheries,14.3,Class 3,DeFishGear-project - final report
Mediterranean Sea,Adriatic Sea,Adriatic seabed,Slovenia,45.59748,13.64722,Aquaculture/fisheries,14.3,Class 3,DeFishGear-project - final report
Mediterranean Sea,Adriatic Sea,Adriatic seabed,Slovenia,45.59025,13.64392,Aquaculture/fisheries,14.3,Class 3,DeFishGear-project - final report
Mediterranean Sea,Adriatic Sea,Adriatic seabed,Slovenia,45.55537,13.50924,Aquaculture/fisheries,14.3,Class 3,DeFishGear-project - final report
Mediterranean Sea,Adriatic Sea,Adriatic seabed,Bosnia & Herzegovina,42.919351,17.608296,Aquaculture/fisheries,2.7,Class 1,DeFishGear-project - final report
Mediterranean Sea,Adriatic Sea,Adriatic seabed,Montenegro,42.438294,18.670007,Aquaculture/fisheries,4.9,Class 1,DeFishGear-project - final report
Mediterranean Sea,Adriatic Sea,Adriatic seabed,Slovenia,45.561947,13.714357,Aquaculture/fisheries,9.4,Class 2,DeFishGear-project - final report
Mediterranean Sea,Adriatic Sea,Adriatic seabed,Slovenia,45.493381,13.57001,Aquaculture/fisheries,9.4,Class 2,DeFishGear-project - final report
Mediterranean Sea,Adriatic Sea,"Savio, Italy",Italy,44.327842,12.46546,Aquaculture,54.1,Class 4,Fortibuoni et al 2019
Mediterranean Sea,Adriatic Sea,"Rimini, Italy",Italy,44.124195,12.677895,Aquaculture,15.8,Class 4,Fortibuoni et al 2019
Mediterranean Sea,Adriatic Sea,Western Gulf of Venice,Italy,45.081104,12.517785,Aquaculture,12.5,Class 3,Fortibuoni et al 2019
Mediterranean Sea,Ionian Sea,Kerkiraikos Gulf,Greece,39.707152,19.931248,Aquaculture/fisheries,6.5,Class 2,Fortibuoni et al 2019
Mediterranean Sea,Ionian Sea,SW Corfu,Greece,39.905654,19.690021,Aquaculture/fisheries,17.2,Class 4,Fortibuoni et al 2019
Mediterranean Sea,Ionian Sea,North Corfu,Greece,39.331511,19.996513,Aquaculture/fisheries,9.6,Class 2,Fortibuoni et al 2019
Mediterranean Sea,Adriatic Sea,"Coast of Chioggia, Italy",Italy,45.208333,12.408333,Aquaculture,18.9,Class 4,Melli et al 2017
Mediterranean Sea,Aegean Sea,Saronikos Gulf,Greece,37.790283,23.366981,Aquaculture/fisheries,9.49,Class 2,Ioakeimidis et al 2014
Mediterranean Sea,Ionian Sea,Gulf of Patras,Greece,38.300656,21.689171,Aquaculture/fisheries,6.1,Class 2,Ioakeimidis et al 2014
Mediterranean Sea,Ionian Sea,Echinades Gulf,Greece,38.202922,21.211924,Aquaculture/fisheries,12.5,Class 3,Ioakeimidis et al 2014
Mediterranean Sea,Levantine Sea,Limassol Gulf,Cyprus,34.649398,33.0962,Aquaculture/fisheries,0,Class 1,Ioakeimidis et al 2014
Mediterranean Sea,Tyrrhenian Sea,Sardinian slope,Italy,40.32528,9.680556,Aquaculture/fisheries,58.1,Class 4,Cau et al 2017
Mediterranean Sea,Tyrrhenian Sea,Sardinian slope,Italy,40.37306,9.901944,Aquaculture/fisheries,58.1,Class 4,Cau et al 2017
Mediterranean Sea,Tyrrhenian Sea,Sardinian slope,Italy,40.37139,9.901667,Aquaculture/fisheries,58.1,Class 4,Cau et al 2017
Mediterranean Sea,Tyrrhenian Sea,Sardinian slope,Italy,40.36917,9.909722,Aquaculture/fisheries,58.1,Class 4,Cau et al 2017
Mediterranean Sea,Tyrrhenian Sea,Sardinian slope,Italy,40.42778,10.32,Aquaculture/fisheries,58.1,Class 4,Cau et al 2017
Mediterranean Sea,Tyrrhenian Sea,Sardinian slope,Italy,40.71889,9.8425,Aquaculture/fisheries,58.1,Class 4,Cau et al 2017
Mediterranean Sea,Tyrrhenian Sea,Sardinian slope,Italy,40.92139,9.903889,Aquaculture/fisheries,58.1,Class 4,Cau et al 2017
Mediterranean Sea,Tyrrhenian Sea,Sardinian slope,Italy,41.29528,9.63,Aquaculture/fisheries,58.1,Class 4,Cau et al 2017
Mediterranean Sea,Tyrrhenian Sea,Sardinian slope,Italy,41.31,9.633889,Aquaculture/fisheries,58.1,Class 4,Cau et al 2017
Mediterranean Sea,Tyrrhenian Sea,Sardinian slope,Italy,41.07278,9.808333,Aquaculture/fisheries,58.1,Class 4,Cau et al 2017
Mediterranean Sea,Tyrrhenian Sea,Sardinian slope,Italy,41.07083,9.806944,Aquaculture/fisheries,58.1,Class 4,Cau et al 2017
Mediterranean Sea,Tyrrhenian Sea,Sardinian slope,Italy,41.07222,9.806111,Aquaculture/fisheries,58.1,Class 4,Cau et al 2017
Mediterranean Sea,Tyrrhenian Sea,Sardinian slope,Italy,41.34528,9.636667,Aquaculture/fisheries,58.1,Class 4,Cau et al 2017
Mediterranean Sea,Tyrrhenian Sea,Sardinian slope,Italy,40.92389,9.901111,Aquaculture/fisheries,58.1,Class 4,Cau et al 2017
Mediterranean Sea,Tyrrhenian Sea,Sardinian slope,Italy,40.92139,9.925278,Aquaculture/fisheries,58.1,Class 4,Cau et al 2017
Mediterranean Sea,Tyrrhenian Sea,Sardinian slope,Italy,40.79278,9.867222,Aquaculture/fisheries,58.1,Class 4,Cau et al 2017
Mediterranean Sea,Tyrrhenian Sea,Sardinian slope,Italy,40.29833,9.673611,Aquaculture/fisheries,58.1,Class 4,Cau et al 2017
Mediterranean Sea,Tyrrhenian Sea,Sardinian slope,Italy,39.97056,9.736944,Aquaculture/fisheries,58.1,Class 4,Cau et al 2017
Mediterranean Sea,Tyrrhenian Sea,Sardinian slope,Italy,39.96889,9.738056,Aquaculture/fisheries,58.1,Class 4,Cau et al 2017
Mediterranean Sea,Tyrrhenian Sea,Sardinian slope,Italy,39.78861,9.826944,Aquaculture/fisheries,58.1,Class 4,Cau et al 2017
Mediterranean Sea,Tyrrhenian Sea,Sardinian slope,Italy,39.06806,9.559722,Aquaculture/fisheries,58.1,Class 4,Cau et al 2017
Mediterranean Sea,Tyrrhenian Sea,Sardinian slope,Italy,39.08833,9.571111,Aquaculture/fisheries,58.1,Class 4,Cau et al 2017
Mediterranean Sea,Tyrrhenian Sea,Sardinian slope,Italy,38.89,9.278056,Aquaculture/fisheries,58.1,Class 4,Cau et al 2017
Mediterranean Sea,Tyrrhenian Sea,Sardinian slope,Italy,38.71472,8.917778,Aquaculture/fisheries,58.1,Class 4,Cau et al 2017
Mediterranean Sea,Tyrrhenian Sea,Sardinian slope,Italy,38.70444,8.921667,Aquaculture/fisheries,58.1,Class 4,Cau et al 2017
Mediterranean Sea,Tyrrhenian Sea,Sardinian slope,Italy,38.60472,8.508333,Aquaculture/fisheries,58.1,Class 4,Cau et al 2017
Mediterranean Sea,Tyrrhenian Sea,Sardinian slope,Italy,38.74528,8.484167,Aquaculture/fisheries,58.1,Class 4,Cau et al 2017
Mediterranean Sea,Tyrrhenian Sea,Sardinian slope,Italy,38.76306,8.209167,Aquaculture/fisheries,58.1,Class 4,Cau et al 2017
Mediterranean Sea,Tyrrhenian Sea,Sardinian slope,Italy,39.16972,8.103611,Aquaculture/fisheries,58.1,Class 4,Cau et al 2017
Mediterranean Sea,Northern and Central Adriatic Sea,Adriatic seabed,,45.4,12.5,Aquaculture,5.88,Class 2,Strafella et al 2015
Mediterranean Sea,Northern and Central Adriatic Sea,Adriatic seabed,,45.6,13.1,Aquaculture,0.00,Class 1,Strafella et al 2015
Mediterranean Sea,Northern and Central Adriatic Sea,Adriatic seabed,,45.63985,13.482517,Aquaculture,0.00,Class 1,Strafella et al 2015
Mediterranean Sea,Northern and Central Adriatic Sea,Adriatic seabed,,45.081517,12.39885,Aquaculture,65.00,Class 4,Strafella et al 2015
Mediterranean Sea,Northern and Central Adriatic Sea,Adriatic seabed,,45.133333,12.516667,Aquaculture,0.00,Class 1,Strafella et al 2015
Mediterranean Sea,Northern and Central Adriatic Sea,Adriatic seabed,,45.25,12.866667,Aquaculture,0.00,Class 1,Strafella et al 2015
Mediterranean Sea,Northern and Central Adriatic Sea,Adriatic seabed,,44.809717,12.464033,Aquaculture,1.38,Class 1,Strafella et al 2015
Mediterranean Sea,Northern and Central Adriatic Sea,Adriatic seabed,,44.983333,12.916667,Aquaculture,36.27,Class 4,Strafella et al 2015
Mediterranean Sea,Northern and Central Adriatic Sea,Adriatic seabed,,45.149667,13.2459,Aquaculture,0.00,Class 1,Strafella et al 2015
Mediterranean Sea,Northern and Central Adriatic Sea,Adriatic seabed,,44.85,12.533333,Aquaculture,0.00,Class 1,Strafella et al 2015
Mediterranean Sea,Northern and Central Adriatic Sea,Adriatic seabed,,44.616667,12.766667,Aquaculture,0.00,Class 1,Strafella et al 2015
Mediterranean Sea,Northern and Central Adriatic Sea,Adriatic seabed,,44.7541,13.178133,Aquaculture,0.00,Class 1,Strafella et al 2015
Mediterranean Sea,Northern and Central Adriatic Sea,Adriatic seabed,,44.26675,12.388417,Aquaculture,0.12,Class 1,Strafella et al 2015
Mediterranean Sea,Northern and Central Adriatic Sea,Adriatic seabed,,44.318033,12.572417,Aquaculture,0.00,Class 1,Strafella et al 2015
Mediterranean Sea,Northern and Central Adriatic Sea,Adriatic seabed,,44.366667,12.833333,Aquaculture,0.00,Class 1,Strafella et al 2015
Mediterranean Sea,Northern and Central Adriatic Sea,Adriatic seabed,,44.514917,13.22275,Aquaculture,0.00,Class 1,Strafella et al 2015
Mediterranean Sea,Northern and Central Adriatic Sea,Adriatic seabed,,44.12325,12.77695,Aquaculture,0.00,Class 1,Strafella et al 2015
Mediterranean Sea,Northern and Central Adriatic Sea,Adriatic seabed,,44.399433,13.648183,Aquaculture,0.00,Class 1,Strafella et al 2015
Mediterranean Sea,Northern and Central Adriatic Sea,Adriatic seabed,,44.337117,14.038167,Aquaculture,0.00,Class 1,Strafella et al 2015
Mediterranean Sea,Northern and Central Adriatic Sea,Adriatic seabed,,43.9,13.033333,Aquaculture,6.00,Class 2,Strafella et al 2015
Mediterranean Sea,Northern and Central Adriatic Sea,Adriatic seabed,,43.983333,13.05,Aquaculture,0.00,Class 1,Strafella et al 2015
Mediterranean Sea,Northern and Central Adriatic Sea,Adriatic seabed,,44.03295,13.338033,Aquaculture,6.00,Class 2,Strafella et al 2015
Mediterranean Sea,Northern and Central Adriatic Sea,Adriatic seabed,,43.8,13.2,Aquaculture,52.00,Class 4,Strafella et al 2015
Mediterranean Sea,Northern and Central Adriatic Sea,Adriatic seabed,,43.778617,13.38375,Aquaculture,0.00,Class 1,Strafella et al 2015
Mediterranean Sea,Northern and Central Adriatic Sea,Adriatic seabed,,43.7,13.616667,Aquaculture,0.00,Class 1,Strafella et al 2015
Mediterranean Sea,Northern and Central Adriatic Sea,Adriatic seabed,,43.9654,13.99,Aquaculture,0.00,Class 1,Strafella et al 2015
Mediterranean Sea,Northern and Central Adriatic Sea,Adriatic seabed,,43.590083,13.586,Aquaculture,0.00,Class 1,Strafella et al 2015
Mediterranean Sea,Northern and Central Adriatic Sea,Adriatic seabed,,44.020217,14.5137,Aquaculture,0.00,Class 1,Strafella et al 2015
Mediterranean Sea,Northern and Central Adriatic Sea,Adriatic seabed,,43.397417,13.704867,Aquaculture,22.22,Class 4,Strafella et al 2015
Mediterranean Sea,Northern and Central Adriatic Sea,Adriatic seabed,,43.33315,13.897483,Aquaculture,0.00,Class 1,Strafella et al 2015
Mediterranean Sea,Northern and Central Adriatic Sea,Adriatic seabed,,43.46375,14.197417,Aquaculture,0.00,Class 1,Strafella et al 2015
Mediterranean Sea,Northern and Central Adriatic Sea,Adriatic seabed,,43.883883,13.698633,Aquaculture,0.00,Class 1,Strafella et al 2015
Mediterranean Sea,Northern and Central Adriatic Sea,Adriatic seabed,,43.0878,13.95175,Aquaculture,1.47,Class 1,Strafella et al 2015
Mediterranean Sea,Northern and Central Adriatic Sea,Adriatic seabed,,43.359383,14.1338,Aquaculture,0.00,Class 1,Strafella et al 2015
Mediterranean Sea,Northern and Central Adriatic Sea,Adriatic seabed,,45.3613,12.37355,Aquaculture,0.00,Class 1,Strafella et al 2015
Mediterranean Sea,Northern and Central Adriatic Sea,Adriatic seabed,,45.45,12.666667,Aquaculture,7.41,Class 2,Strafella et al 2015
Mediterranean Sea,Northern and Central Adriatic Sea,Adriatic seabed,,45.57085,13.536017,Aquaculture,0.00,Class 1,Strafella et al 2015
Mediterranean Sea,Northern and Central Adriatic Sea,Adriatic seabed,,44.9,12.583333,Aquaculture,20.00,Class 4,Strafella et al 2015
Mediterranean Sea,Northern and Central Adriatic Sea,Adriatic seabed,,44.6,12.466667,Aquaculture,50.00,Class 4,Strafella et al 2015
Mediterranean Sea,Northern and Central Adriatic Sea,Adriatic seabed,,44.042767,12.636183,Aquaculture,15.75,Class 4,Strafella et al 2015
Mediterranean Sea,Northern and Central Adriatic Sea,Adriatic seabed,,43.585433,13.772633,Aquaculture,0.00,Class 1,Strafella et al 2015
Mediterranean Sea,Northern and Central Adriatic Sea,Adriatic seabed,,43.03375,14.020617,Aquaculture,0.00,Class 1,Strafella et al 2015
Mediterranean Sea,Northern and Central Adriatic Sea,Adriatic seabed,,45.33205,13.06465,Aquaculture,0.00,Class 1,Strafella et al 2015
Mediterranean Sea,Northern and Central Adriatic Sea,Adriatic seabed,,44.571283,13.550717,Aquaculture,0.00,Class 1,Strafella et al 2015
Mediterranean Sea,Northern and Central Adriatic Sea,Adriatic seabed,,44.2,12.983333,Aquaculture,70.00,Class 4,Strafella et al 2015
Mediterranean Sea,Northern and Central Adriatic Sea,Adriatic seabed,,45.381383,12.431133,Aquaculture,0.00,Class 1,Strafella et al 2015
Mediterranean Sea,Northern and Central Adriatic Sea,Adriatic seabed,,45.330517,12.901333,Aquaculture,0.00,Class 1,Strafella et al 2015
Mediterranean Sea,Northern and Central Adriatic Sea,Adriatic seabed,,45.06535,12.750517,Aquaculture,0.00,Class 1,Strafella et al 2015
Mediterranean Sea,Northern and Central Adriatic Sea,Adriatic seabed,,45.0567,13.24155,Aquaculture,0.00,Class 1,Strafella et al 2015
Mediterranean Sea,Northern and Central Adriatic Sea,Adriatic seabed,,44.708683,12.748517,Aquaculture,3.23,Class 1,Strafella et al 2015
Mediterranean Sea,Northern and Central Adriatic Sea,Adriatic seabed,,44.676667,13.48385,Aquaculture,0.00,Class 1,Strafella et al 2015
Mediterranean Sea,Northern and Central Adriatic Sea,Adriatic seabed,,44.441667,12.682017,Aquaculture,33.33,Class 4,Strafella et al 2015
Mediterranean Sea,Northern and Central Adriatic Sea,Adriatic seabed,,44.460633,12.758633,Aquaculture,0.00,Class 1,Strafella et al 2015
Mediterranean Sea,Northern and Central Adriatic Sea,Adriatic seabed,,44.183333,13.6,Aquaculture,0.00,Class 1,Strafella et al 2015
Mediterranean Sea,Northern and Central Adriatic Sea,Adriatic seabed,,44.123,12.542733,Aquaculture,80.00,Class 4,Strafella et al 2015
Mediterranean Sea,Northern and Central Adriatic Sea,Adriatic seabed,,44.066667,12.75,Aquaculture,0.00,Class 1,Strafella et al 2015
Mediterranean Sea,Northern and Central Adriatic Sea,Adriatic seabed,,43.586417,13.682433,Aquaculture,0.00,Class 1,Strafella et al 2015
Mediterranean Sea,Northern and Central Adriatic Sea,Adriatic seabed,,43.325517,13.978933,Aquaculture,0.00,Class 1,Strafella et al 2015
Mediterranean Sea,Northern and Central Adriatic Sea,Adriatic seabed,,42.880517,13.98135,Aquaculture,0.00,Class 1,Strafella et al 2015
Mediterranean Sea,Northern and Central Adriatic Sea,Adriatic seabed,,42.646017,14.261067,Aquaculture,0.00,Class 1,Strafella et al 2015
Mediterranean Sea,Northern and Central Adriatic Sea,Adriatic seabed,,42.565083,14.247333,Aquaculture,0.00,Class 1,Strafella et al 2015
Mediterranean Sea,Northern and Central Adriatic Sea,Adriatic seabed,,42.258533,14.58655,Aquaculture,70.00,Class 4,Strafella et al 2015
Mediterranean Sea,Northern and Central Adriatic Sea,Adriatic seabed,,42.2499,15.01465,Aquaculture,0.00,Class 1,Strafella et al 2015
Mediterranean Sea,Northern and Central Adriatic Sea,Adriatic seabed,,42.086117,14.912833,Aquaculture,0.00,Class 1,Strafella et al 2015
Mediterranean Sea,Northern and Central Adriatic Sea,Adriatic seabed,,41.97585,15.092683,Aquaculture,0.00,Class 1,Strafella et al 2015
Mediterranean Sea,Northern and Central Adriatic Sea,Adriatic seabed,,42.03645,15.504167,Aquaculture,7.09,Class 2,Strafella et al 2015
Mediterranean Sea,Northern and Central Adriatic Sea,Adriatic seabed,,41.99605,15.715483,Aquaculture,41.18,Class 4,Strafella et al 2015
Mediterranean Sea,Northern and Central Adriatic Sea,Adriatic seabed,,45.4,12.5,Aquaculture,10.53,Class 3,Strafella et al 2015
Mediterranean Sea,Northern and Central Adriatic Sea,Adriatic seabed,,45.6,13.1,Aquaculture,1.80,Class 1,Strafella et al 2015
Mediterranean Sea,Northern and Central Adriatic Sea,Adriatic seabed,,45.63985,13.482517,Aquaculture,0.00,Class 1,Strafella et al 2015
Mediterranean Sea,Northern and Central Adriatic Sea,Adriatic seabed,,45.081517,12.39885,Aquaculture,0.00,Class 1,Strafella et al 2015
Mediterranean Sea,Northern and Central Adriatic Sea,Adriatic seabed,,45.133333,12.516667,Aquaculture,7.41,Class 2,Strafella et al 2015
Mediterranean Sea,Northern and Central Adriatic Sea,Adriatic seabed,,45.25,12.866667,Aquaculture,0.00,Class 1,Strafella et al 2015
Mediterranean Sea,Northern and Central Adriatic Sea,Adriatic seabed,,44.809717,12.464033,Aquaculture,1.38,Class 1,Strafella et al 2015
Mediterranean Sea,Northern and Central Adriatic Sea,Adriatic seabed,,44.983333,12.916667,Aquaculture,0.00,Class 1,Strafella et al 2015
Mediterranean Sea,Northern and Central Adriatic Sea,Adriatic seabed,,45.149667,13.2459,Aquaculture,0.00,Class 1,Strafella et al 2015
Mediterranean Sea,Northern and Central Adriatic Sea,Adriatic seabed,,44.85,12.533333,Aquaculture,71.43,Class 4,Strafella et al 2015
Mediterranean Sea,Northern and Central Adriatic Sea,Adriatic seabed,,44.616667,12.766667,Aquaculture,1.29,Class 1,Strafella et al 2015
Mediterranean Sea,Northern and Central Adriatic Sea,Adriatic seabed,,44.7541,13.178133,Aquaculture,14.84,Class 3,Strafella et al 2015
Mediterranean Sea,Northern and Central Adriatic Sea,Adriatic seabed,,44.26675,12.388417,Aquaculture,0.12,Class 1,Strafella et al 2015
Mediterranean Sea,Northern and Central Adriatic Sea,Adriatic seabed,,44.318033,12.572417,Aquaculture,0.00,Class 1,Strafella et al 2015
Mediterranean Sea,Northern and Central Adriatic Sea,Adriatic seabed,,44.366667,12.833333,Aquaculture,0.00,Class 1,Strafella et al 2015
Mediterranean Sea,Northern and Central Adriatic Sea,Adriatic seabed,,44.514917,13.22275,Aquaculture,0.00,Class 1,Strafella et al 2015
Mediterranean Sea,Northern and Central Adriatic Sea,Adriatic seabed,,44.12325,12.77695,Aquaculture,0.00,Class 1,Strafella et al 2015
Mediterranean Sea,Northern and Central Adriatic Sea,Adriatic seabed,,44.399433,13.648183,Aquaculture,0.00,Class 1,Strafella et al 2015
Mediterranean Sea,Northern and Central Adriatic Sea,Adriatic seabed,,44.337117,14.038167,Aquaculture,0.00,Class 1,Strafella et al 2015
Mediterranean Sea,Northern and Central Adriatic Sea,Adriatic seabed,,43.9,13.033333,Aquaculture,51.91,Class 4,Strafella et al 2015
Mediterranean Sea,Northern and Central Adriatic Sea,Adriatic seabed,,43.983333,13.05,Aquaculture,0.00,Class 1,Strafella et al 2015
Mediterranean Sea,Northern and Central Adriatic Sea,Adriatic seabed,,44.03295,13.338033,Aquaculture,0.00,Class 1,Strafella et al 2015
Mediterranean Sea,Northern and Central Adriatic Sea,Adriatic seabed,,43.8,13.2,Aquaculture,85.94,Class 4,Strafella et al 2015
Mediterranean Sea,Northern and Central Adriatic Sea,Adriatic seabed,,43.778617,13.38375,Aquaculture,0.00,Class 1,Strafella et al 2015
Mediterranean Sea,Northern and Central Adriatic Sea,Adriatic seabed,,43.7,13.616667,Aquaculture,10.00,Class 2,Strafella et al 2015
Mediterranean Sea,Northern and Central Adriatic Sea,Adriatic seabed,,43.9654,13.99,Aquaculture,0.00,Class 1,Strafella et al 2015
Mediterranean Sea,Northern and Central Adriatic Sea,Adriatic seabed,,43.590083,13.586,Aquaculture,0.00,Class 1,Strafella et al 2015
Mediterranean Sea,Northern and Central Adriatic Sea,Adriatic seabed,,44.020217,14.5137,Aquaculture,0.00,Class 1,Strafella et al 2015
Mediterranean Sea,Northern and Central Adriatic Sea,Adriatic seabed,,43.397417,13.704867,Aquaculture,22.22,Class 4,Strafella et al 2015
Mediterranean Sea,Northern and Central Adriatic Sea,Adriatic seabed,,43.33315,13.897483,Aquaculture,0.00,Class 1,Strafella et al 2015
Mediterranean Sea,Northern and Central Adriatic Sea,Adriatic seabed,,43.46375,14.197417,Aquaculture,0.00,Class 1,Strafella et al 2015
Mediterranean Sea,Northern and Central Adriatic Sea,Adriatic seabed,,43.883883,13.698633,Aquaculture,0.00,Class 1,Strafella et al 2015
Mediterranean Sea,Northern and Central Adriatic Sea,Adriatic seabed,,43.0878,13.95175,Aquaculture,87.21,Class 4,Strafella et al 2015
Mediterranean Sea,Northern and Central Adriatic Sea,Adriatic seabed,,43.359383,14.1338,Aquaculture,0.00,Class 1,Strafella et al 2015
Mediterranean Sea,Northern and Central Adriatic Sea,Adriatic seabed,,45.3613,12.37355,Aquaculture,0.00,Class 1,Strafella et al 2015
Mediterranean Sea,Northern and Central Adriatic Sea,Adriatic seabed,,45.45,12.666667,Aquaculture,0.00,Class 1,Strafella et al 2015
Mediterranean Sea,Northern and Central Adriatic Sea,Adriatic seabed,,45.57085,13.536017,Aquaculture,0.00,Class 1,Strafella et al 2015
Mediterranean Sea,Northern and Central Adriatic Sea,Adriatic seabed,,44.9,12.583333,Aquaculture,60.78,Class 4,Strafella et al 2015
Mediterranean Sea,Northern and Central Adriatic Sea,Adriatic seabed,,44.6,12.466667,Aquaculture,30.77,Class 4,Strafella et al 2015
Mediterranean Sea,Northern and Central Adriatic Sea,Adriatic seabed,,44.042767,12.636183,Aquaculture,3.10,Class 1,Strafella et al 2015
Mediterranean Sea,Northern and Central Adriatic Sea,Adriatic seabed,,43.585433,13.772633,Aquaculture,75.00,Class 4,Strafella et al 2015
Mediterranean Sea,Northern and Central Adriatic Sea,Adriatic seabed,,43.03375,14.020617,Aquaculture,30.00,Class 4,Strafella et al 2015
Mediterranean Sea,Northern and Central Adriatic Sea,Adriatic seabed,,45.33205,13.06465,Aquaculture,0.00,Class 1,Strafella et al 2015
Mediterranean Sea,Northern and Central Adriatic Sea,Adriatic seabed,,44.571283,13.550717,Aquaculture,0.00,Class 1,Strafella et al 2015
Mediterranean Sea,Northern and Central Adriatic Sea,Adriatic seabed,,44.2,12.983333,Aquaculture,0.00,Class 1,Strafella et al 2015
Mediterranean Sea,Northern and Central Adriatic Sea,Adriatic seabed,,45.381383,12.431133,Aquaculture,4.17,Class 1,Strafella et al 2015
Mediterranean Sea,Northern and Central Adriatic Sea,Adriatic seabed,,45.330517,12.901333,Aquaculture,0.00,Class 1,Strafella et al 2015
Mediterranean Sea,Northern and Central Adriatic Sea,Adriatic seabed,,45.06535,12.750517,Aquaculture,0.00,Class 1,Strafella et al 2015
Mediterranean Sea,Northern and Central Adriatic Sea,Adriatic seabed,,45.0567,13.24155,Aquaculture,0.00,Class 1,Strafella et al 2015
Mediterranean Sea,Northern and Central Adriatic Sea,Adriatic seabed,,44.708683,12.748517,Aquaculture,6.72,Class 2,Strafella et al 2015
Mediterranean Sea,Northern and Central Adriatic Sea,Adriatic seabed,,44.676667,13.48385,Aquaculture,0.00,Class 1,Strafella et al 2015
Mediterranean Sea,Northern and Central Adriatic Sea,Adriatic seabed,,44.441667,12.682017,Aquaculture,0.00,Class 1,Strafella et al 2015
Mediterranean Sea,Northern and Central Adriatic Sea,Adriatic seabed,,44.460633,12.758633,Aquaculture,0.00,Class 1,Strafella et al 2015
Mediterranean Sea,Northern and Central Adriatic Sea,Adriatic seabed,,44.183333,13.6,Aquaculture,20.34,Class 4,Strafella et al 2015
Mediterranean Sea,Northern and Central Adriatic Sea,Adriatic seabed,,44.123,12.542733,Aquaculture,63.30,Class 4,Strafella et al 2015
Mediterranean Sea,Northern and Central Adriatic Sea,Adriatic seabed,,44.066667,12.75,Aquaculture,54.55,Class 4,Strafella et al 2015
Mediterranean Sea,Northern and Central Adriatic Sea,Adriatic seabed,,43.586417,13.682433,Aquaculture,41.18,Class 4,Strafella et al 2015
Mediterranean Sea,Northern and Central Adriatic Sea,Adriatic seabed,,43.325517,13.978933,Aquaculture,0.00,Class 1,Strafella et al 2015
Mediterranean Sea,Northern and Central Adriatic Sea,Adriatic seabed,,42.880517,13.98135,Aquaculture,0.00,Class 1,Strafella et al 2015
Mediterranean Sea,Northern and Central Adriatic Sea,Adriatic seabed,,42.646017,14.261067,Aquaculture,0.00,Class 1,Strafella et al 2015
Mediterranean Sea,Northern and Central Adriatic Sea,Adriatic seabed,,42.565083,14.247333,Aquaculture,0.00,Class 1,Strafella et al 2015
Mediterranean Sea,Northern and Central Adriatic Sea,Adriatic seabed,,42.258533,14.58655,Aquaculture,0.00,Class 1,Strafella et al 2015
Mediterranean Sea,Northern and Central Adriatic Sea,Adriatic seabed,,42.2499,15.01465,Aquaculture,0.00,Class 1,Strafella et al 2015
Mediterranean Sea,Northern and Central Adriatic Sea,Adriatic seabed,,42.086117,14.912833,Aquaculture,0.00,Class 1,Strafella et al 2015
Mediterranean Sea,Northern and Central Adriatic Sea,Adriatic seabed,,41.97585,15.092683,Aquaculture,0.00,Class 1,Strafella et al 2015
Mediterranean Sea,Northern and Central Adriatic Sea,Adriatic seabed,,42.03645,15.504167,Aquaculture,7.09,Class 2,Strafella et al 2015
Mediterranean Sea,Northern and Central Adriatic Sea,Adriatic seabed,,41.99605,15.715483,Aquaculture,41.18,Class 4,Strafella et al 2015
Mediterranean Sea,Northern and Central Adriatic Sea,Adriatic seabed,,45.40711667,12.51366666,Aquaculture,20.00,Class 4,Strafella et al 2015
Mediterranean Sea,Northern and Central Adriatic Sea,Adriatic seabed,,45.61246668,13.1166,Aquaculture,0.00,Class 1,Strafella et al 2015
Mediterranean Sea,Northern and Central Adriatic Sea,Adriatic seabed,,45.63876667,13.48193334,Aquaculture,0.00,Class 1,Strafella et al 2015
Mediterranean Sea,Northern and Central Adriatic Sea,Adriatic seabed,,45.08513333,12.39804999,Aquaculture,15.49,Class 4,Strafella et al 2015
Mediterranean Sea,Northern and Central Adriatic Sea,Adriatic seabed,,45.15744999,12.49364999,Aquaculture,0.00,Class 1,Strafella et al 2015
Mediterranean Sea,Northern and Central Adriatic Sea,Adriatic seabed,,45.25286667,12.86844997,Aquaculture,0.00,Class 1,Strafella et al 2015
Mediterranean Sea,Northern and Central Adriatic Sea,Adriatic seabed,,44.80621668,12.46344999,Aquaculture,32.08,Class 4,Strafella et al 2015
Mediterranean Sea,Northern and Central Adriatic Sea,Adriatic seabed,,44.99003334,12.94038334,Aquaculture,0.00,Class 1,Strafella et al 2015
Mediterranean Sea,Northern and Central Adriatic Sea,Adriatic seabed,,45.1357,13.24131667,Aquaculture,0.00,Class 1,Strafella et al 2015
Mediterranean Sea,Northern and Central Adriatic Sea,Adriatic seabed,,44.85463333,12.55913334,Aquaculture,4.44,Class 1,Strafella et al 2015
Mediterranean Sea,Northern and Central Adriatic Sea,Adriatic seabed,,44.59773331,12.72240003,Aquaculture,0.00,Class 1,Strafella et al 2015
Mediterranean Sea,Northern and Central Adriatic Sea,Adriatic seabed,,44.75929998,13.18438333,Aquaculture,0.00,Class 1,Strafella et al 2015
Mediterranean Sea,Northern and Central Adriatic Sea,Adriatic seabed,,44.29738334,12.37903334,Aquaculture,0.00,Class 1,Strafella et al 2015
Mediterranean Sea,Northern and Central Adriatic Sea,Adriatic seabed,,44.31488333,12.59854997,Aquaculture,0.00,Class 1,Strafella et al 2015
Mediterranean Sea,Northern and Central Adriatic Sea,Adriatic seabed,,44.36731666,12.85393333,Aquaculture,0.00,Class 1,Strafella et al 2015
Mediterranean Sea,Northern and Central Adriatic Sea,Adriatic seabed,,44.51391665,13.21551666,Aquaculture,0.00,Class 1,Strafella et al 2015
Mediterranean Sea,Northern and Central Adriatic Sea,Adriatic seabed,,44.1612,12.74201667,Aquaculture,0.00,Class 1,Strafella et al 2015
Mediterranean Sea,Northern and Central Adriatic Sea,Adriatic seabed,,44.39905001,13.64216665,Aquaculture,0.00,Class 1,Strafella et al 2015
Mediterranean Sea,Northern and Central Adriatic Sea,Adriatic seabed,,44.32693332,14.04615,Aquaculture,0.00,Class 1,Strafella et al 2015
Mediterranean Sea,Northern and Central Adriatic Sea,Adriatic seabed,,43.93554999,12.99143333,Aquaculture,57.14,Class 4,Strafella et al 2015
Mediterranean Sea,Northern and Central Adriatic Sea,Adriatic seabed,,44.00046667,13.08558334,Aquaculture,0.00,Class 1,Strafella et al 2015
Mediterranean Sea,Northern and Central Adriatic Sea,Adriatic seabed,,44.02613333,13.34776665,Aquaculture,0.00,Class 1,Strafella et al 2015
Mediterranean Sea,Northern and Central Adriatic Sea,Adriatic seabed,,43.78091666,13.20401667,Aquaculture,7.69,Class 2,Strafella et al 2015
Mediterranean Sea,Northern and Central Adriatic Sea,Adriatic seabed,,43.81356665,13.37621667,Aquaculture,0.00,Class 1,Strafella et al 2015
Mediterranean Sea,Northern and Central Adriatic Sea,Adriatic seabed,,43.74504999,13.60716667,Aquaculture,0.00,Class 1,Strafella et al 2015
Mediterranean Sea,Northern and Central Adriatic Sea,Adriatic seabed,,43.97156665,14.01911667,Aquaculture,0.00,Class 1,Strafella et al 2015
Mediterranean Sea,Northern and Central Adriatic Sea,Adriatic seabed,,43.57513332,13.6122167,Aquaculture,0.00,Class 1,Strafella et al 2015
Mediterranean Sea,Northern and Central Adriatic Sea,Adriatic seabed,,43.67010002,13.76306667,Aquaculture,0.00,Class 1,Strafella et al 2015
Mediterranean Sea,Northern and Central Adriatic Sea,Adriatic seabed,,43.35754999,13.72759997,Aquaculture,0.00,Class 1,Strafella et al 2015
Mediterranean Sea,Northern and Central Adriatic Sea,Adriatic seabed,,43.33693333,13.89683336,Aquaculture,0.00,Class 1,Strafella et al 2015
Mediterranean Sea,Northern and Central Adriatic Sea,Adriatic seabed,,43.47133334,14.19400001,Aquaculture,20.00,Class 4,Strafella et al 2015
Mediterranean Sea,Northern and Central Adriatic Sea,Adriatic seabed,,43.70848331,13.69053332,Aquaculture,20.00,Class 4,Strafella et al 2015
Mediterranean Sea,Northern and Central Adriatic Sea,Adriatic seabed,,43.08663333,13.94695002,Aquaculture,16.07,Class 4,Strafella et al 2015
Mediterranean Sea,Northern and Central Adriatic Sea,Adriatic seabed,,43.38675,14.17981666,Aquaculture,16.67,Class 4,Strafella et al 2015
Mediterranean Sea,Northern and Central Adriatic Sea,Adriatic seabed,,45.36563333,12.37755,Aquaculture,10.00,Class 2,Strafella et al 2015
Mediterranean Sea,Northern and Central Adriatic Sea,Adriatic seabed,,45.45588334,12.67978331,Aquaculture,0.00,Class 1,Strafella et al 2015
Mediterranean Sea,Northern and Central Adriatic Sea,Adriatic seabed,,44.90388336,12.57451668,Aquaculture,38.74,Class 4,Strafella et al 2015
Mediterranean Sea,Northern and Central Adriatic Sea,Adriatic seabed,,44.04143333,12.63320001,Aquaculture,27.08,Class 4,Strafella et al 2015
Mediterranean Sea,Northern and Central Adriatic Sea,Adriatic seabed,,43.59526666,13.75691668,Aquaculture,0.00,Class 1,Strafella et al 2015
Mediterranean Sea,Northern and Central Adriatic Sea,Adriatic seabed,,43.03325,14.02396667,Aquaculture,24.00,Class 4,Strafella et al 2015
Mediterranean Sea,Northern and Central Adriatic Sea,Adriatic seabed,,45.32756666,13.0508,Aquaculture,50.00,Class 4,Strafella et al 2015
Mediterranean Sea,Northern and Central Adriatic Sea,Adriatic seabed,,44.57178332,13.54413331,Aquaculture,0.00,Class 1,Strafella et al 2015
Mediterranean Sea,Northern and Central Adriatic Sea,Adriatic seabed,,44.20486666,12.9784167,Aquaculture,10.77,Class 3,Strafella et al 2015
Mediterranean Sea,Northern and Central Adriatic Sea,Adriatic seabed,,45.38838332,12.49619999,Aquaculture,4.00,Class 1,Strafella et al 2015
Mediterranean Sea,Northern and Central Adriatic Sea,Adriatic seabed,,45.33945001,12.85840003,Aquaculture,0.00,Class 1,Strafella et al 2015
Mediterranean Sea,Northern and Central Adriatic Sea,Adriatic seabed,,45.06623333,12.76088333,Aquaculture,0.00,Class 1,Strafella et al 2015
Mediterranean Sea,Northern and Central Adriatic Sea,Adriatic seabed,,45.03685,13.24403334,Aquaculture,0.00,Class 1,Strafella et al 2015
Mediterranean Sea,Northern and Central Adriatic Sea,Adriatic seabed,,44.70419998,12.75534999,Aquaculture,8.33,Class 2,Strafella et al 2015
Mediterranean Sea,Northern and Central Adriatic Sea,Adriatic seabed,,44.68741665,13.47973334,Aquaculture,0.00,Class 1,Strafella et al 2015
Mediterranean Sea,Northern and Central Adriatic Sea,Adriatic seabed,,44.47440001,12.6412,Aquaculture,0.00,Class 1,Strafella et al 2015
Mediterranean Sea,Northern and Central Adriatic Sea,Adriatic seabed,,44.43836667,12.70499999,Aquaculture,66.67,Class 4,Strafella et al 2015
Mediterranean Sea,Northern and Central Adriatic Sea,Adriatic seabed,,44.191,12.60971667,Aquaculture,44.68,Class 4,Strafella et al 2015
Mediterranean Sea,Northern and Central Adriatic Sea,Adriatic seabed,,44.12618333,12.53883336,Aquaculture,38.46,Class 4,Strafella et al 2015
Mediterranean Sea,Northern and Central Adriatic Sea,Adriatic seabed,,44.06136667,12.75953331,Aquaculture,56.82,Class 4,Strafella et al 2015
Mediterranean Sea,Northern and Central Adriatic Sea,Adriatic seabed,,43.57935003,13.68756669,Aquaculture,25.93,Class 4,Strafella et al 2015
Mediterranean Sea,Northern and Central Adriatic Sea,Adriatic seabed,,43.32165,13.97944997,Aquaculture,14.29,Class 3,Strafella et al 2015
Mediterranean Sea,Northern and Central Adriatic Sea,Adriatic seabed,,42.88206666,13.97880001,Aquaculture,18.18,Class 4,Strafella et al 2015
Mediterranean Sea,Northern and Central Adriatic Sea,Adriatic seabed,,42.64828332,14.26028333,Aquaculture,6.67,Class 2,Strafella et al 2015
Mediterranean Sea,Northern and Central Adriatic Sea,Adriatic seabed,,42.56378333,14.24703333,Aquaculture,13.33,Class 3,Strafella et al 2015
Mediterranean Sea,Northern and Central Adriatic Sea,Adriatic seabed,,42.25076666,14.58585002,Aquaculture,0.00,Class 1,Strafella et al 2015
Mediterranean Sea,Northern and Central Adriatic Sea,Adriatic seabed,,42.08596667,14.91044998,Aquaculture,16.67,Class 4,Strafella et al 2015
Mediterranean Sea,Northern and Central Adriatic Sea,Adriatic seabed,,41.96606668,15.10198333,Aquaculture,14.47,Class 3,Strafella et al 2015
Mediterranean Sea,Northern and Central Adriatic Sea,Adriatic seabed,,42.03733333,15.49425001,Aquaculture,4.26,Class 1,Strafella et al 2015
Mediterranean Sea,Northern and Central Adriatic Sea,Adriatic seabed,,41.99375,15.70479997,Aquaculture,31.82,Class 4,Strafella et al 2015
Mediterranean Sea,Northern and Central Adriatic Sea,Adriatic seabed,,45.57041664,13.54740003,Aquaculture,0.00,Class 1,Strafella et al 2015
Mediterranean Sea,Northern and Central Adriatic Sea,Adriatic seabed,,45.41208334,12.52176666,Aquaculture,28.57,Class 4,Strafella et al 2015
Mediterranean Sea,Northern and Central Adriatic Sea,Adriatic seabed,,44.61215,13.11488334,Aquaculture,0.00,Class 1,Strafella et al 2015
Mediterranean Sea,Northern and Central Adriatic Sea,Adriatic seabed,,45.63958333,13.48048334,Aquaculture,0.00,Class 1,Strafella et al 2015
Mediterranean Sea,Northern and Central Adriatic Sea,Adriatic seabed,,45.09011667,12.39723333,Aquaculture,0.00,Class 1,Strafella et al 2015
Mediterranean Sea,Northern and Central Adriatic Sea,Adriatic seabed,,45.14248333,12.53763332,Aquaculture,14.29,Class 3,Strafella et al 2015
Mediterranean Sea,Northern and Central Adriatic Sea,Adriatic seabed,,45.26288333,12.90936667,Aquaculture,25.00,Class 4,Strafella et al 2015
Mediterranean Sea,Northern and Central Adriatic Sea,Adriatic seabed,,44.8573,12.49956668,Aquaculture,0.00,Class 1,Strafella et al 2015
Mediterranean Sea,Northern and Central Adriatic Sea,Adriatic seabed,,44.99578336,12.93883336,Aquaculture,0.00,Class 1,Strafella et al 2015
Mediterranean Sea,Northern and Central Adriatic Sea,Adriatic seabed,,45.07591666,13.24181666,Aquaculture,0.00,Class 1,Strafella et al 2015
Mediterranean Sea,Northern and Central Adriatic Sea,Adriatic seabed,,44.82138335,12.52731667,Aquaculture,23.40,Class 4,Strafella et al 2015
Mediterranean Sea,Northern and Central Adriatic Sea,Adriatic seabed,,44.62433332,12.77291667,Aquaculture,33.33,Class 4,Strafella et al 2015
Mediterranean Sea,Northern and Central Adriatic Sea,Adriatic seabed,,44.75014998,13.08988334,Aquaculture,0.00,Class 1,Strafella et al 2015
Mediterranean Sea,Northern and Central Adriatic Sea,Adriatic seabed,,44.2653,12.39151665,Aquaculture,57.69,Class 4,Strafella et al 2015
Mediterranean Sea,Northern and Central Adriatic Sea,Adriatic seabed,,44.32403332,12.57328332,Aquaculture,16.67,Class 4,Strafella et al 2015
Mediterranean Sea,Northern and Central Adriatic Sea,Adriatic seabed,,44.41236668,12.83698336,Aquaculture,0.00,Class 1,Strafella et al 2015
Mediterranean Sea,Northern and Central Adriatic Sea,Adriatic seabed,,44.46831668,13.16048333,Aquaculture,0.00,Class 1,Strafella et al 2015
Mediterranean Sea,Northern and Central Adriatic Sea,Adriatic seabed,,44.16988333,12.74013335,Aquaculture,16.67,Class 4,Strafella et al 2015
Mediterranean Sea,Northern and Central Adriatic Sea,Adriatic seabed,,44.41850001,13.64176668,Aquaculture,0.00,Class 1,Strafella et al 2015
Mediterranean Sea,Northern and Central Adriatic Sea,Adriatic seabed,,44.34336665,14.02083333,Aquaculture,0.00,Class 1,Strafella et al 2015
Mediterranean Sea,Northern and Central Adriatic Sea,Adriatic seabed,,43.93746668,12.99923331,Aquaculture,33.33,Class 4,Strafella et al 2015
Mediterranean Sea,Northern and Central Adriatic Sea,Adriatic seabed,,44.99044997,13.06368333,Aquaculture,6.67,Class 2,Strafella et al 2015
Mediterranean Sea,Northern and Central Adriatic Sea,Adriatic seabed,,44.03006667,13.34276667,Aquaculture,0.00,Class 1,Strafella et al 2015
Mediterranean Sea,Northern and Central Adriatic Sea,Adriatic seabed,,43.7809,13.20723333,Aquaculture,36.96,Class 4,Strafella et al 2015
Mediterranean Sea,Northern and Central Adriatic Sea,Adriatic seabed,,43.75691668,13.41265001,Aquaculture,0.00,Class 1,Strafella et al 2015
Mediterranean Sea,Northern and Central Adriatic Sea,Adriatic seabed,,43.75728334,13.61416664,Aquaculture,20.00,Class 4,Strafella et al 2015
Mediterranean Sea,Northern and Central Adriatic Sea,Adriatic seabed,,43.98519999,14.01915,Aquaculture,0.00,Class 1,Strafella et al 2015
Mediterranean Sea,Northern and Central Adriatic Sea,Adriatic seabed,,43.5822333,13.62391669,Aquaculture,5.88,Class 2,Strafella et al 2015
Mediterranean Sea,Northern and Central Adriatic Sea,Adriatic seabed,,44.01141667,14.51269999,Aquaculture,16.00,Class 4,Strafella et al 2015
Mediterranean Sea,Northern and Central Adriatic Sea,Adriatic seabed,,43.34726667,13.73361664,Aquaculture,27.03,Class 4,Strafella et al 2015
Mediterranean Sea,Northern and Central Adriatic Sea,Adriatic seabed,,43.40418332,13.87008336,Aquaculture,0.00,Class 1,Strafella et al 2015
Mediterranean Sea,Northern and Central Adriatic Sea,Adriatic seabed,,43.42489999,14.21758334,Aquaculture,0.00,Class 1,Strafella et al 2015
Mediterranean Sea,Northern and Central Adriatic Sea,Adriatic seabed,,43.67458331,14.84426664,Aquaculture,6.06,Class 2,Strafella et al 2015
Mediterranean Sea,Northern and Central Adriatic Sea,Adriatic seabed,,43.14883334,13.87833335,Aquaculture,9.09,Class 2,Strafella et al 2015
Mediterranean Sea,Northern and Central Adriatic Sea,Adriatic seabed,,43.37110001,14.14233333,Aquaculture,9.09,Class 2,Strafella et al 2015
Mediterranean Sea,Northern and Central Adriatic Sea,Adriatic seabed,,45.36448332,12.37361666,Aquaculture,0.00,Class 1,Strafella et al 2015
Mediterranean Sea,Northern and Central Adriatic Sea,Adriatic seabed,,45.45790002,12.67935003,Aquaculture,16.67,Class 4,Strafella et al 2015
Mediterranean Sea,Northern and Central Adriatic Sea,Adriatic seabed,,44.90635001,12.59734999,Aquaculture,5.77,Class 2,Strafella et al 2015
Mediterranean Sea,Northern and Central Adriatic Sea,Adriatic seabed,,44.61634998,12.54433333,Aquaculture,0.00,Class 1,Strafella et al 2015
Mediterranean Sea,Northern and Central Adriatic Sea,Adriatic seabed,,44.06538333,12.62049999,Aquaculture,36.84,Class 4,Strafella et al 2015
Mediterranean Sea,Northern and Central Adriatic Sea,Adriatic seabed,,43.60536664,13.75903333,Aquaculture,0.00,Class 1,Strafella et al 2015
Mediterranean Sea,Northern and Central Adriatic Sea,Adriatic seabed,,43.07698333,14.02413333,Aquaculture,15.38,Class 4,Strafella et al 2015
Mediterranean Sea,Northern and Central Adriatic Sea,Adriatic seabed,,45.34088332,13.11291667,Aquaculture,0.00,Class 1,Strafella et al 2015
Mediterranean Sea,Northern and Central Adriatic Sea,Adriatic seabed,,44.57828331,13.5427,Aquaculture,0.00,Class 1,Strafella et al 2015
Mediterranean Sea,Northern and Central Adriatic Sea,Adriatic seabed,,44.26386666,12.98006668,Aquaculture,0.00,Class 1,Strafella et al 2015
Mediterranean Sea,Northern and Central Adriatic Sea,Adriatic seabed,,45.37943335,12.44388332,Aquaculture,0.00,Class 1,Strafella et al 2015
Mediterranean Sea,Northern and Central Adriatic Sea,Adriatic seabed,,45.33633334,12.87413336,Aquaculture,0.00,Class 1,Strafella et al 2015
Mediterranean Sea,Northern and Central Adriatic Sea,Adriatic seabed,,45.06103333,12.76019999,Aquaculture,0.00,Class 1,Strafella et al 2015
Mediterranean Sea,Northern and Central Adriatic Sea,Adriatic seabed,,44.99486669,13.24065,Aquaculture,18.18,Class 4,Strafella et al 2015
Mediterranean Sea,Northern and Central Adriatic Sea,Adriatic seabed,,44.72185001,12.74541664,Aquaculture,50.00,Class 4,Strafella et al 2015
Mediterranean Sea,Northern and Central Adriatic Sea,Adriatic seabed,,44.68353335,13.48391666,Aquaculture,0.00,Class 1,Strafella et al 2015
Mediterranean Sea,Northern and Central Adriatic Sea,Adriatic seabed,,44.4868,12.63483334,Aquaculture,0.00,Class 1,Strafella et al 2015
Mediterranean Sea,Northern and Central Adriatic Sea,Adriatic seabed,,44.44241667,12.69776669,Aquaculture,0.00,Class 1,Strafella et al 2015
Mediterranean Sea,Northern and Central Adriatic Sea,Adriatic seabed,,44.19808334,12.60735003,Aquaculture,0.00,Class 1,Strafella et al 2015
Mediterranean Sea,Northern and Central Adriatic Sea,Adriatic seabed,,44.12365,12.54876664,Aquaculture,89.90,Class 4,Strafella et al 2015
Mediterranean Sea,Northern and Central Adriatic Sea,Adriatic seabed,,44.10743333,12.75853335,Aquaculture,40.00,Class 4,Strafella et al 2015
Mediterranean Sea,Northern and Central Adriatic Sea,Adriatic seabed,,43.57311668,13.69455001,Aquaculture,5.88,Class 2,Strafella et al 2015
Mediterranean Sea,Northern and Central Adriatic Sea,Adriatic seabed,,43.39466667,14.00025,Aquaculture,8.33,Class 2,Strafella et al 2015
Mediterranean Sea,Northern and Central Adriatic Sea,Adriatic seabed,,42.91613331,13.97293332,Aquaculture,4.65,Class 1,Strafella et al 2015
Mediterranean Sea,Northern and Central Adriatic Sea,Adriatic seabed,,42.69159997,14.23795001,Aquaculture,0.00,Class 1,Strafella et al 2015
Mediterranean Sea,Northern and Central Adriatic Sea,Adriatic seabed,,42.60910002,14.21836667,Aquaculture,3.70,Class 1,Strafella et al 2015
Mediterranean Sea,Northern and Central Adriatic Sea,Adriatic seabed,,42.25136666,14.59333331,Aquaculture,0.00,Class 1,Strafella et al 2015
Mediterranean Sea,Northern and Central Adriatic Sea,Adriatic seabed,,42.24836667,15.01168333,Aquaculture,0.00,Class 1,Strafella et al 2015
Mediterranean Sea,Northern and Central Adriatic Sea,Adriatic seabed,,42.08363334,14.91554998,Aquaculture,5.88,Class 2,Strafella et al 2015
Mediterranean Sea,Northern and Central Adriatic Sea,Adriatic seabed,,41.96308333,15.10568333,Aquaculture,37.50,Class 4,Strafella et al 2015
Mediterranean Sea,Northern and Central Adriatic Sea,Adriatic seabed,,42.0327,15.50871668,Aquaculture,2.94,Class 1,Strafella et al 2015
Mediterranean Sea,Northern and Central Adriatic Sea,Adriatic seabed,,41.99211667,15.71194998,Aquaculture,14.29,Class 3,Strafella et al 2015
Mediterranean Sea,Northern and Central Adriatic Sea,Adriatic seabed,,45.57108332,13.56268336,Aquaculture,0.00,Class 1,Strafella et al 2015
Mediterranean Sea,Northern and Central Adriatic Sea,Adriatic seabed,,45.40991666,12.52255001,Aquaculture,38.46,Class 4,Strafella et al 2015
Mediterranean Sea,Northern and Central Adriatic Sea,Adriatic seabed,,45.60893332,13.10188333,Aquaculture,0.00,Class 1,Strafella et al 2015
Mediterranean Sea,Northern and Central Adriatic Sea,Adriatic seabed,,45.6399833,13.48533335,Aquaculture,0.00,Class 1,Strafella et al 2015
Mediterranean Sea,Northern and Central Adriatic Sea,Adriatic seabed,,45.12741667,12.35200001,Aquaculture,5.81,Class 2,Strafella et al 2015
Mediterranean Sea,Northern and Central Adriatic Sea,Adriatic seabed,,45.14058334,12.5359333,Aquaculture,9.09,Class 2,Strafella et al 2015
Mediterranean Sea,Northern and Central Adriatic Sea,Adriatic seabed,,45.26408334,12.89998334,Aquaculture,12.50,Class 3,Strafella et al 2015
Mediterranean Sea,Northern and Central Adriatic Sea,Adriatic seabed,,44.81301664,12.46523333,Aquaculture,46.51,Class 4,Strafella et al 2015
Mediterranean Sea,Northern and Central Adriatic Sea,Adriatic seabed,,44.99841665,12.94695002,Aquaculture,10.53,Class 3,Strafella et al 2015
Mediterranean Sea,Northern and Central Adriatic Sea,Adriatic seabed,,45.13513333,13.24568334,Aquaculture,20.69,Class 4,Strafella et al 2015
Mediterranean Sea,Northern and Central Adriatic Sea,Adriatic seabed,,44.82201665,12.52748334,Aquaculture,38.55,Class 4,Strafella et al 2015
Mediterranean Sea,Northern and Central Adriatic Sea,Adriatic seabed,,44.63186665,12.77995001,Aquaculture,32.14,Class 4,Strafella et al 2015
Mediterranean Sea,Northern and Central Adriatic Sea,Adriatic seabed,,44.74434999,13.09,Aquaculture,0.00,Class 1,Strafella et al 2015
Mediterranean Sea,Northern and Central Adriatic Sea,Adriatic seabed,,44.28374999,12.38458335,Aquaculture,0.00,Class 1,Strafella et al 2015
Mediterranean Sea,Northern and Central Adriatic Sea,Adriatic seabed,,44.33643335,12.56281668,Aquaculture,0.00,Class 1,Strafella et al 2015
Mediterranean Sea,Northern and Central Adriatic Sea,Adriatic seabed,,44.40603333,12.84116669,Aquaculture,7.41,Class 2,Strafella et al 2015
Mediterranean Sea,Northern and Central Adriatic Sea,Adriatic seabed,,44.46741667,13.16368333,Aquaculture,0.00,Class 1,Strafella et al 2015
Mediterranean Sea,Northern and Central Adriatic Sea,Adriatic seabed,,44.12346667,12.78005002,Aquaculture,47.37,Class 4,Strafella et al 2015
Mediterranean Sea,Northern and Central Adriatic Sea,Adriatic seabed,,44.40874999,13.64533335,Aquaculture,0.00,Class 1,Strafella et al 2015
Mediterranean Sea,Northern and Central Adriatic Sea,Adriatic seabed,,44.31966667,14.06468333,Aquaculture,0.00,Class 1,Strafella et al 2015
Mediterranean Sea,Northern and Central Adriatic Sea,Adriatic seabed,,43.93893331,12.99556669,Aquaculture,47.37,Class 4,Strafella et al 2015
Mediterranean Sea,Northern and Central Adriatic Sea,Adriatic seabed,,43.99351667,13.0594,Aquaculture,34.62,Class 4,Strafella et al 2015
Mediterranean Sea,Northern and Central Adriatic Sea,Adriatic seabed,,44.07038333,13.31185001,Aquaculture,0.00,Class 1,Strafella et al 2015
Mediterranean Sea,Northern and Central Adriatic Sea,Adriatic seabed,,43.81293335,13.17049999,Aquaculture,38.89,Class 4,Strafella et al 2015
Mediterranean Sea,Northern and Central Adriatic Sea,Adriatic seabed,,43.82345002,13.36216666,Aquaculture,33.34,Class 4,Strafella et al 2015
Mediterranean Sea,Northern and Central Adriatic Sea,Adriatic seabed,,43.70703335,13.62495003,Aquaculture,0.00,Class 1,Strafella et al 2015
Mediterranean Sea,Northern and Central Adriatic Sea,Adriatic seabed,,43.96346664,13.9890667,Aquaculture,0.00,Class 1,Strafella et al 2015
Mediterranean Sea,Northern and Central Adriatic Sea,Adriatic seabed,,43.59475002,13.59096667,Aquaculture,21.95,Class 4,Strafella et al 2015
Mediterranean Sea,Northern and Central Adriatic Sea,Adriatic seabed,,44.02201667,14.53038333,Aquaculture,3.57,Class 1,Strafella et al 2015
Mediterranean Sea,Northern and Central Adriatic Sea,Adriatic seabed,,43.40281668,13.70524998,Aquaculture,21.05,Class 4,Strafella et al 2015
Mediterranean Sea,Northern and Central Adriatic Sea,Adriatic seabed,,43.40191666,13.86853333,Aquaculture,0.00,Class 1,Strafella et al 2015
Mediterranean Sea,Northern and Central Adriatic Sea,Adriatic seabed,,43.40801668,14.23113333,Aquaculture,0.00,Class 1,Strafella et al 2015
Mediterranean Sea,Northern and Central Adriatic Sea,Adriatic seabed,,43.71535002,13.67833335,Aquaculture,12.50,Class 3,Strafella et al 2015
Mediterranean Sea,Northern and Central Adriatic Sea,Adriatic seabed,,43.08353333,13.95758336,Aquaculture,10.81,Class 3,Strafella et al 2015
Mediterranean Sea,Northern and Central Adriatic Sea,Adriatic seabed,,43.37283335,14.13176667,Aquaculture,0.00,Class 1,Strafella et al 2015
Mediterranean Sea,Northern and Central Adriatic Sea,Adriatic seabed,,45.39716667,12.40928332,Aquaculture,0.00,Class 1,Strafella et al 2015
Mediterranean Sea,Northern and Central Adriatic Sea,Adriatic seabed,,45.46201668,12.68449999,Aquaculture,5.88,Class 2,Strafella et al 2015
Mediterranean Sea,Northern and Central Adriatic Sea,Adriatic seabed,,44.90656668,12.59683336,Aquaculture,35.62,Class 4,Strafella et al 2015
Mediterranean Sea,Northern and Central Adriatic Sea,Adriatic seabed,,44.59379997,12.54724998,Aquaculture,20.00,Class 4,Strafella et al 2015
Mediterranean Sea,Northern and Central Adriatic Sea,Adriatic seabed,,44.06553333,12.61218332,Aquaculture,3.06,Class 1,Strafella et al 2015
Mediterranean Sea,Northern and Central Adriatic Sea,Adriatic seabed,,43.55405,13.78803336,Aquaculture,0.00,Class 1,Strafella et al 2015
Mediterranean Sea,Northern and Central Adriatic Sea,Adriatic seabed,,43.03026667,14.01873333,Aquaculture,0.00,Class 1,Strafella et al 2015
Mediterranean Sea,Northern and Central Adriatic Sea,Adriatic seabed,,45.34051666,13.09988333,Aquaculture,0.00,Class 1,Strafella et al 2015
Mediterranean Sea,Northern and Central Adriatic Sea,Adriatic seabed,,44.56823336,13.55335,Aquaculture,0.00,Class 1,Strafella et al 2015
Mediterranean Sea,Northern and Central Adriatic Sea,Adriatic seabed,,44.26166666,12.97905,Aquaculture,25.00,Class 4,Strafella et al 2015
Mediterranean Sea,Northern and Central Adriatic Sea,Adriatic seabed,,45.37586667,12.43466667,Aquaculture,3.08,Class 1,Strafella et al 2015
Mediterranean Sea,Northern and Central Adriatic Sea,Adriatic seabed,,45.32655001,12.93236669,Aquaculture,0.00,Class 1,Strafella et al 2015
Mediterranean Sea,Northern and Central Adriatic Sea,Adriatic seabed,,45.06348333,12.75625,Aquaculture,7.84,Class 2,Strafella et al 2015
Mediterranean Sea,Northern and Central Adriatic Sea,Adriatic seabed,,45.05726667,13.24543333,Aquaculture,0.00,Class 1,Strafella et al 2015
Mediterranean Sea,Northern and Central Adriatic Sea,Adriatic seabed,,44.7127833,12.75600001,Aquaculture,33.34,Class 4,Strafella et al 2015
Mediterranean Sea,Northern and Central Adriatic Sea,Adriatic seabed,,44.67948335,13.48516668,Aquaculture,0.00,Class 1,Strafella et al 2015
Mediterranean Sea,Northern and Central Adriatic Sea,Adriatic seabed,,44.48505001,12.63923333,Aquaculture,31.04,Class 4,Strafella et al 2015
Mediterranean Sea,Northern and Central Adriatic Sea,Adriatic seabed,,44.43938335,12.71219997,Aquaculture,16.67,Class 4,Strafella et al 2015
Mediterranean Sea,Northern and Central Adriatic Sea,Adriatic seabed,,44.21466667,12.59876664,Aquaculture,84.62,Class 4,Strafella et al 2015
Mediterranean Sea,Northern and Central Adriatic Sea,Adriatic seabed,,44.16461666,12.50221666,Aquaculture,21.74,Class 4,Strafella et al 2015
Mediterranean Sea,Northern and Central Adriatic Sea,Adriatic seabed,,44.07011666,12.76011664,Aquaculture,7.14,Class 2,Strafella et al 2015
Mediterranean Sea,Northern and Central Adriatic Sea,Adriatic seabed,,43.57766666,13.68671665,Aquaculture,16.67,Class 4,Strafella et al 2015
Mediterranean Sea,Northern and Central Adriatic Sea,Adriatic seabed,,43.38276666,14.00331667,Aquaculture,0.00,Class 1,Strafella et al 2015
Mediterranean Sea,Northern and Central Adriatic Sea,Adriatic seabed,,42.88158334,13.99858335,Aquaculture,5.56,Class 2,Strafella et al 2015
Mediterranean Sea,Northern and Central Adriatic Sea,Adriatic seabed,,42.64514999,14.26401666,Aquaculture,3.85,Class 1,Strafella et al 2015
Mediterranean Sea,Northern and Central Adriatic Sea,Adriatic seabed,,42.56273333,14.2474,Aquaculture,5.26,Class 2,Strafella et al 2015
Mediterranean Sea,Northern and Central Adriatic Sea,Adriatic seabed,,42.25346667,14.58826669,Aquaculture,0.00,Class 1,Strafella et al 2015
Mediterranean Sea,Northern and Central Adriatic Sea,Adriatic seabed,,42.23940001,15.02485,Aquaculture,0.00,Class 1,Strafella et al 2015
Mediterranean Sea,Northern and Central Adriatic Sea,Adriatic seabed,,42.08586667,14.90614999,Aquaculture,21.05,Class 4,Strafella et al 2015
Mediterranean Sea,Northern and Central Adriatic Sea,Adriatic seabed,,41.95101668,15.10018334,Aquaculture,22.45,Class 4,Strafella et al 2015
Mediterranean Sea,Northern and Central Adriatic Sea,Adriatic seabed,,42.0354,15.51011667,Aquaculture,7.27,Class 2,Strafella et al 2015
Mediterranean Sea,Northern and Central Adriatic Sea,Adriatic seabed,,41.99378332,15.72538331,Aquaculture,27.27,Class 4,Strafella et al 2015
Mediterranean Sea,Northern and Central Adriatic Sea,Adriatic seabed,,45.57166665,13.53978335,Aquaculture,0.00,Class 1,Strafella et al 2015
Mediterranean Sea,Northern and Central Adriatic Sea,Adriatic seabed,,45.33746665,13.43728333,Aquaculture,0.00,Class 1,Strafella et al 2015
Mediterranean Sea,Northern and Central Adriatic Sea,Adriatic seabed,,45.1252,13.51655,Aquaculture,0.00,Class 1,Strafella et al 2015
Mediterranean Sea,Northern and Central Adriatic Sea,Adriatic seabed,,44.93305003,13.49973332,Aquaculture,0.00,Class 1,Strafella et al 2015
Mediterranean Sea,Northern and Central Adriatic Sea,Adriatic seabed,,44.71193333,13.79643332,Aquaculture,0.00,Class 1,Strafella et al 2015
Mediterranean Sea,Northern and Central Adriatic Sea,Adriatic seabed,,44.90259997,13.69388332,Aquaculture,0.00,Class 1,Strafella et al 2015
Mediterranean Sea,Northern and Central Adriatic Sea,Adriatic seabed,,44.84025002,14.17476667,Aquaculture,0.00,Class 1,Strafella et al 2015
Mediterranean Sea,Northern and Central Adriatic Sea,Adriatic seabed,,44.80311667,14.23723334,Aquaculture,0.00,Class 1,Strafella et al 2015
Mediterranean Sea,Northern and Central Adriatic Sea,Adriatic seabed,,45.41148332,12.52258333,Aquaculture,17.65,Class 4,Strafella et al 2015
Mediterranean Sea,Northern and Central Adriatic Sea,Adriatic seabed,,45.61031666,13.11081667,Aquaculture,0.00,Class 1,Strafella et al 2015
Mediterranean Sea,Northern and Central Adriatic Sea,Adriatic seabed,,45.64113331,13.48353332,Aquaculture,14.29,Class 3,Strafella et al 2015
Mediterranean Sea,Northern and Central Adriatic Sea,Adriatic seabed,,45.08211667,12.40436665,Aquaculture,9.52,Class 2,Strafella et al 2015
Mediterranean Sea,Northern and Central Adriatic Sea,Adriatic seabed,,45.1426,12.52814999,Aquaculture,0.00,Class 1,Strafella et al 2015
Mediterranean Sea,Northern and Central Adriatic Sea,Adriatic seabed,,45.26405001,12.89616667,Aquaculture,0.00,Class 1,Strafella et al 2015
Mediterranean Sea,Northern and Central Adriatic Sea,Adriatic seabed,,44.80821667,12.45743332,Aquaculture,47.06,Class 4,Strafella et al 2015
Mediterranean Sea,Northern and Central Adriatic Sea,Adriatic seabed,,44.99354998,12.94231669,Aquaculture,18.18,Class 4,Strafella et al 2015
Mediterranean Sea,Northern and Central Adriatic Sea,Adriatic seabed,,44.14445,13.24158333,Aquaculture,0.00,Class 1,Strafella et al 2015
Mediterranean Sea,Northern and Central Adriatic Sea,Adriatic seabed,,44.8515,12.55456664,Aquaculture,22.22,Class 4,Strafella et al 2015
Mediterranean Sea,Northern and Central Adriatic Sea,Adriatic seabed,,44.59663334,12.69975001,Aquaculture,42.86,Class 4,Strafella et al 2015
Mediterranean Sea,Northern and Central Adriatic Sea,Adriatic seabed,,44.74848334,13.08973333,Aquaculture,0.00,Class 1,Strafella et al 2015
Mediterranean Sea,Northern and Central Adriatic Sea,Adriatic seabed,,44.26899999,12.39418332,Aquaculture,0.00,Class 1,Strafella et al 2015
Mediterranean Sea,Northern and Central Adriatic Sea,Adriatic seabed,,44.31823333,12.57605,Aquaculture,0.00,Class 1,Strafella et al 2015
Mediterranean Sea,Northern and Central Adriatic Sea,Adriatic seabed,,44.36651665,12.86118336,Aquaculture,12.50,Class 3,Strafella et al 2015
Mediterranean Sea,Northern and Central Adriatic Sea,Adriatic seabed,,44.47405001,13.16398333,Aquaculture,0.00,Class 1,Strafella et al 2015
Mediterranean Sea,Northern and Central Adriatic Sea,Adriatic seabed,,44.16501667,12.73991667,Aquaculture,23.81,Class 4,Strafella et al 2015
Mediterranean Sea,Northern and Central Adriatic Sea,Adriatic seabed,,44.41093334,13.64551665,Aquaculture,6.67,Class 2,Strafella et al 2015
Mediterranean Sea,Northern and Central Adriatic Sea,Adriatic seabed,,44.32795,14.0495,Aquaculture,0.00,Class 1,Strafella et al 2015
Mediterranean Sea,Northern and Central Adriatic Sea,Adriatic seabed,,43.93833332,12.9940333,Aquaculture,45.45,Class 4,Strafella et al 2015
Mediterranean Sea,Northern and Central Adriatic Sea,Adriatic seabed,,43.94688333,13.08555,Aquaculture,16.67,Class 4,Strafella et al 2015
Mediterranean Sea,Northern and Central Adriatic Sea,Adriatic seabed,,44.0591,13.31793334,Aquaculture,0.00,Class 1,Strafella et al 2015
Mediterranean Sea,Northern and Central Adriatic Sea,Adriatic seabed,,43.78079999,13.21306667,Aquaculture,31.25,Class 4,Strafella et al 2015
Mediterranean Sea,Northern and Central Adriatic Sea,Adriatic seabed,,43.7762167,13.39651667,Aquaculture,7.69,Class 2,Strafella et al 2015
Mediterranean Sea,Northern and Central Adriatic Sea,Adriatic seabed,,43.70658334,13.61841666,Aquaculture,0.00,Class 1,Strafella et al 2015
Mediterranean Sea,Northern and Central Adriatic Sea,Adriatic seabed,,43.98103333,14.01741667,Aquaculture,0.00,Class 1,Strafella et al 2015
Mediterranean Sea,Northern and Central Adriatic Sea,Adriatic seabed,,43.59880002,13.58345,Aquaculture,16.67,Class 4,Strafella et al 2015
Mediterranean Sea,Northern and Central Adriatic Sea,Adriatic seabed,,44.02001667,14.53281666,Aquaculture,0.00,Class 1,Strafella et al 2015
Mediterranean Sea,Northern and Central Adriatic Sea,Adriatic seabed,,43.37818333,13.71551666,Aquaculture,50.00,Class 4,Strafella et al 2015
Mediterranean Sea,Northern and Central Adriatic Sea,Adriatic seabed,,43.36489998,13.89201667,Aquaculture,0.00,Class 1,Strafella et al 2015
Mediterranean Sea,Northern and Central Adriatic Sea,Adriatic seabed,,43.47084999,14.18921666,Aquaculture,10.00,Class 2,Strafella et al 2015
Mediterranean Sea,Northern and Central Adriatic Sea,Adriatic seabed,,43.7300333,13.68921668,Aquaculture,16.67,Class 4,Strafella et al 2015
Mediterranean Sea,Northern and Central Adriatic Sea,Adriatic seabed,,43.10003333,13.93983332,Aquaculture,0.00,Class 1,Strafella et al 2015
Mediterranean Sea,Northern and Central Adriatic Sea,Adriatic seabed,,43.36483332,14.13656667,Aquaculture,0.00,Class 1,Strafella et al 2015
Mediterranean Sea,Northern and Central Adriatic Sea,Adriatic seabed,,45.40403334,12.41611665,Aquaculture,9.52,Class 2,Strafella et al 2015
Mediterranean Sea,Northern and Central Adriatic Sea,Adriatic seabed,,45.45555,12.68266665,Aquaculture,0.00,Class 1,Strafella et al 2015
Mediterranean Sea,Northern and Central Adriatic Sea,Adriatic seabed,,44.90921669,12.58741665,Aquaculture,29.63,Class 4,Strafella et al 2015
Mediterranean Sea,Northern and Central Adriatic Sea,Adriatic seabed,,44.55193335,12.54239998,Aquaculture,33.33,Class 4,Strafella et al 2015
Mediterranean Sea,Northern and Central Adriatic Sea,Adriatic seabed,,44.04488333,12.64233335,Aquaculture,90.91,Class 4,Strafella et al 2015
Mediterranean Sea,Northern and Central Adriatic Sea,Adriatic seabed,,43.54553331,13.78983332,Aquaculture,0.00,Class 1,Strafella et al 2015
Mediterranean Sea,Northern and Central Adriatic Sea,Adriatic seabed,,43.02956667,14.02428333,Aquaculture,0.00,Class 1,Strafella et al 2015
Mediterranean Sea,Northern and Central Adriatic Sea,Adriatic seabed,,45.34174999,13.0931,Aquaculture,0.00,Class 1,Strafella et al 2015
Mediterranean Sea,Northern and Central Adriatic Sea,Adriatic seabed,,44.57973334,13.54860001,Aquaculture,0.00,Class 1,Strafella et al 2015
Mediterranean Sea,Northern and Central Adriatic Sea,Adriatic seabed,,44.2107,12.98703334,Aquaculture,0.00,Class 1,Strafella et al 2015
Mediterranean Sea,Northern and Central Adriatic Sea,Adriatic seabed,,45.38910001,12.48368333,Aquaculture,5.17,Class 2,Strafella et al 2015
Mediterranean Sea,Northern and Central Adriatic Sea,Adriatic seabed,,45.3415,12.87086665,Aquaculture,10.00,Class 2,Strafella et al 2015
Mediterranean Sea,Northern and Central Adriatic Sea,Adriatic seabed,,45.06475,12.74185003,Aquaculture,21.43,Class 4,Strafella et al 2015
Mediterranean Sea,Northern and Central Adriatic Sea,Adriatic seabed,,45.06825,13.24646667,Aquaculture,0.00,Class 1,Strafella et al 2015
Mediterranean Sea,Northern and Central Adriatic Sea,Adriatic seabed,,44.68566666,12.77765001,Aquaculture,53.85,Class 4,Strafella et al 2015
Mediterranean Sea,Northern and Central Adriatic Sea,Adriatic seabed,,44.6882,13.48261668,Aquaculture,0.00,Class 1,Strafella et al 2015
Mediterranean Sea,Northern and Central Adriatic Sea,Adriatic seabed,,44.44126666,12.68425001,Aquaculture,16.67,Class 4,Strafella et al 2015
Mediterranean Sea,Northern and Central Adriatic Sea,Adriatic seabed,,44.46758334,12.82858334,Aquaculture,0.00,Class 1,Strafella et al 2015
Mediterranean Sea,Northern and Central Adriatic Sea,Adriatic seabed,,44.22026666,12.59363333,Aquaculture,40.00,Class 4,Strafella et al 2015
Mediterranean Sea,Northern and Central Adriatic Sea,Adriatic seabed,,44.1258,12.53421669,Aquaculture,25.00,Class 4,Strafella et al 2015
Mediterranean Sea,Northern and Central Adriatic Sea,Adriatic seabed,,44.10816666,12.76323331,Aquaculture,50.00,Class 4,Strafella et al 2015
Mediterranean Sea,Northern and Central Adriatic Sea,Adriatic seabed,,43.57223333,13.69385001,Aquaculture,33.33,Class 4,Strafella et al 2015
Mediterranean Sea,Northern and Central Adriatic Sea,Adriatic seabed,,43.37166665,13.99598331,Aquaculture,0.00,Class 1,Strafella et al 2015
Mediterranean Sea,Northern and Central Adriatic Sea,Adriatic seabed,,42.87975,13.9800333,Aquaculture,0.00,Class 1,Strafella et al 2015
Mediterranean Sea,Northern and Central Adriatic Sea,Adriatic seabed,,42.64348335,14.25918333,Aquaculture,0.00,Class 1,Strafella et al 2015
Mediterranean Sea,Northern and Central Adriatic Sea,Adriatic seabed,,42.56016668,14.24931666,Aquaculture,5.56,Class 2,Strafella et al 2015
Mediterranean Sea,Northern and Central Adriatic Sea,Adriatic seabed,,42.25531667,14.59121666,Aquaculture,0.00,Class 1,Strafella et al 2015
Mediterranean Sea,Northern and Central Adriatic Sea,Adriatic seabed,,42.27383334,14.96586666,Aquaculture,12.50,Class 3,Strafella et al 2015
Mediterranean Sea,Northern and Central Adriatic Sea,Adriatic seabed,,42.08155,14.91681665,Aquaculture,5.88,Class 2,Strafella et al 2015
Mediterranean Sea,Northern and Central Adriatic Sea,Adriatic seabed,,41.9699667,15.09651666,Aquaculture,20.69,Class 4,Strafella et al 2015
Mediterranean Sea,Northern and Central Adriatic Sea,,,42.03808333,15.50036666,Aquaculture,2.44,Class 1,Strafella et al 2015
Mediterranean Sea,Northern and Central Adriatic Sea,Adriatic seabed,,41.99580002,15.73141664,Aquaculture,55.56,Class 4,Strafella et al 2015
Mediterranean Sea,Northern and Central Adriatic Sea,Adriatic seabed,,45.56991666,13.53844999,Aquaculture,0.00,Class 1,Strafella et al 2015
Mediterranean Sea,Northern Adriatic Sea ,Adriatic seabed,,45.42655,12.512283,Aquaculture,0.02,Class 1,GHOST project
Mediterranean Sea,Northern Adriatic Sea ,Adriatic seabed,,45.41465,12.510617,Aquaculture,0.02,Class 1,GHOST project
Mediterranean Sea,Northern Adriatic Sea ,Adriatic seabed,,45.413267,12.490917,Aquaculture,0.02,Class 1,GHOST project
Mediterranean Sea,Northern Adriatic Sea ,Adriatic seabed,,45.376,12.370083,Aquaculture,0.02,Class 1,GHOST project
